{"cameraMode":{"drawMode":0,"name":"Shaded","section":"Shading Mode"},"sceneLighting":true,"audioPlay":false,"sceneViewState":{"m_AlwaysRefresh":false,"showFog":true,"showSkybox":true,"showFlares":true,"showImageEffects":true,"showParticleSystems":true,"showVisualEffectGraphs":true,"m_FxEnabled":true},"in2DMode":false,"pivot":{"x":-13.657486915588379,"y":0.3929564356803894,"z":6.571842193603516},"rotation":{"x":0.03209236264228821,"y":-0.9637678265571594,"z":0.15653164684772492,"w":0.22080224752426148},"size":1.4720996618270875,"orthographic":false}