{"cameraMode":{"drawMode":0,"name":"Shaded","section":"Shading Mode"},"sceneLighting":true,"audioPlay":false,"sceneViewState":{"m_AlwaysRefresh":false,"showFog":true,"showSkybox":true,"showFlares":true,"showImageEffects":true,"showParticleSystems":true,"showVisualEffectGraphs":true,"m_FxEnabled":true},"in2DMode":false,"pivot":{"x":-13.458545684814454,"y":0.1692051887512207,"z":6.575616359710693},"rotation":{"x":0.03447440266609192,"y":-0.9633529186248779,"z":0.19668364524841309,"w":0.187650665640831},"size":1.4720996618270875,"orthographic":false}